Source,Target,Weight,Raw distance
BGC0000610.1,BGC0000615.1,0.2326059192419052,0.5177076458930969
BGC0000615.1,BGC0001753.1,0.17833678424358368,0.5777006149291992
BGC0001472.1,NZ_JNXG01000002.region001,0.86595618724823,0.0694323405623436
BGC0000615.1,NZ_JNXG01000002.region001,0.19759492576122284,0.5554835200309753
