Source,Target,Weight,Raw distance
BGC0001452.1,BGC0001522.1,1.0,0.0
BGC0001452.1,NZ_JNXG01000009.region001,0.7225000262260437,0.15000000596046448
BGC0001522.1,NZ_JNXG01000009.region001,0.5504682660102844,0.25806450843811035
